{"stats":{"minecraft:custom":{"minecraft:mob_kills":1,"minecraft:open_barrel":6,"minecraft:pot_flower":4,"minecraft:leave_game":4,"minecraft:time_since_death":241148,"minecraft:climb_one_cm":280,"minecraft:time_since_rest":241148,"minecraft:sprint_one_cm":245264,"minecraft:damage_taken":810,"minecraft:walk_one_cm":447185,"minecraft:drop":2,"minecraft:damage_dealt":60,"minecraft:fly_one_cm":949981,"minecraft:crouch_one_cm":7164,"minecraft:play_time":241148,"minecraft:sneak_time":6715,"minecraft:jump":1132,"minecraft:total_world_time":244328,"minecraft:fall_one_cm":11806},"minecraft:used":{"minecraft:light_blue_carpet":8,"minecraft:oak_fence":38,"minecraft:water_bucket":1,"minecraft:chiseled_bookshelf":106,"create:stock_ticker":6,"minecraft:torchflower":1,"create:item_vault":21,"minecraft:mangrove_planks":344,"minecraft:spruce_slab":19,"minecraft:redstone":9,"minecraft:lime_wool":2,"minecraft:oak_planks":137,"minecraft:oak_sign":4,"supplementaries:crystal_display":4,"create:packager":7,"minecraft:cactus":4,"minecraft:spruce_planks":58,"create:red_seat":31,"create:nixie_tube":2,"minecraft:spruce_sign":10,"minecraft:farmland":16,"create:blaze_burner":4,"minecraft:oak_leaves":20,"create:package_frogport":9,"minecraft:torch":5,"minecraft:pink_candle":3,"minecraft:dirt":683,"minecraft:sand":3,"minecraft:oak_slab":7238,"minecraft:chorus_flower":1,"minecraft:spruce_stairs":108,"minecraft:carrot":11,"minecraft:bamboo_block":1,"create:stock_link":1,"minecraft:spruce_fence":54,"minecraft:beehive":49,"create:metal_girder":6,"minecraft:end_stone":1,"minecraft:book":80,"minecraft:stripped_spruce_log":754,"minecraft:big_dripleaf":1,"minecraft:glass":574,"minecraft:flower_pot":4,"minecraft:lever":1,"minecraft:flowering_azalea":2,"minecraft:bookshelf":223,"minecraft:villager_spawn_egg":1,"minecraft:mangrove_stairs":53,"minecraft:lime_carpet":4,"minecraft:birch_slab":554,"minecraft:lantern":12,"minecraft:grass_block":16,"minecraft:oak_stairs":61,"minecraft:rooted_dirt":4,"minecraft:oak_button":2,"minecraft:string":2,"create:chain_conveyor":13,"minecraft:cyan_carpet":62,"minecraft:green_wool":1,"minecraft:lectern":10,"minecraft:spruce_trapdoor":250,"create:creative_motor":1,"minecraft:flowering_azalea_leaves":9,"minecraft:barrel":5,"minecraft:soul_lantern":2,"minecraft:item_frame":16,"minecraft:green_candle":3,"minecraft:stripped_mangrove_log":210,"minecraft:green_carpet":9,"minecraft:enchanted_book":7,"create:item_hatch":1,"minecraft:azalea_leaves":30,"minecraft:pitcher_plant":2,"minecraft:beetroot_seeds":3,"minecraft:chain":23,"minecraft:sea_pickle":5,"create:display_board":86,"minecraft:stripped_oak_log":1305,"minecraft:potato":7,"minecraft:oak_hanging_sign":1,"minecraft:bone_meal":24},"minecraft:picked_up":{"minecraft:potato":6,"minecraft:oak_stairs":1,"minecraft:enchanted_book":2,"minecraft:beetroot":1,"minecraft:oak_sign":1,"minecraft:azalea":1,"minecraft:oak_planks":1,"minecraft:flowering_azalea":1,"minecraft:book":9,"minecraft:stick":2,"minecraft:carrot":3,"minecraft:cactus":1,"minecraft:beetroot_seeds":3,"minecraft:writable_book":4},"minecraft:killed":{"minecraft:bat":1},"minecraft:dropped":{"minecraft:oak_planks":1,"minecraft:oak_stairs":1}},"DataVersion":3955}